Time,Country Name,GDP per capita growth (annual %) [NY.GDP.PCAP.KD.ZG],GDP per capita (constant 2015 US$) [NY.GDP.PCAP.KD],Exports of goods and services (constant 2015 US$) [NE.EXP.GNFS.KD],"Central government debt, total (% of GDP) [GC.DOD.TOTL.GD.ZS]",Total natural resources rents (% of GDP) [NY.GDP.TOTL.RT.ZS],Net official aid received (constant 2018 US$) [DT.ODA.OATL.KD],"Life expectancy at birth, total (years) [SP.DYN.LE00.IN]",Net investment in nonfinancial assets (% of GDP) [GC.NFN.TOTL.GD.ZS],"Foreign direct investment, net inflows (% of GDP) [BX.KLT.DINV.WD.GD.ZS]","Inflation, GDP deflator (annual %) [NY.GDP.DEFL.KD.ZG]"
1990,Afghanistan,,,,,,,50.331,,,
1990,Algeria,-1.754076492,3123.995683,31897557677,,17.7051867,,66.938,,0.0005397619998,30.25959854
1990,Angola,-6.657467258,2998.780751,,,28.95861914,,45.306,,-2.979634931,14.00743982
1990,Bangladesh,3.086982001,512.0965895,1631244400,,0.5372154964,,58.21,,0.0102498456,6.532735292
1990,Belize,9.017296211,3147.26776,259612886.4,28.12904944,0.7637496963,,71.242,10.97997774,4.173881521,0.1728661674
1990,Benin,5.50734312,795.0716554,616946150.6,,7.735959675,,53.812,,-0.150760025,2.176596925
1990,Bhutan,8.588875735,786.1482482,127304688.4,53.34635933,6.008754522,,52.878,12.76183095,0.5562157063,6.205353076
1990,Bolivia,2.445135201,1744.311992,2717359710,,7.266619363,,56.099,2.190617243,0.5587989382,16.26793991
1990,Burkina Faso,-3.211259863,345.2841565,388347994,,6.816249935,,49.454,,0.01483248653,1.810015422
1990,Burundi,0.9900419519,438.7125203,,,13.37103254,,47.829,,0.1108942102,5.985561541
1990,Cabo Verde,-1.325824948,849.082714,,,0.5992865097,,64.676,,0.08230972179,2.345310322
1990,Cambodia,,,,,,,53.595,,,
1990,Cameroon,-8.929512306,1237.018763,3514226054,,13.10435184,,53.362,,-0.9162491452,1.643098431
1990,Central African Republic,-4.274369188,531.8557205,,,6.365328356,,49.104,,0.04843788056,1.836645106
1990,Chad,-7.220593969,419.4465074,,,7.517348187,,47.019,,0.5406631744,8.012329035
1990,Comoros,2.03755008,1285.341581,41067351.32,,0.7330427038,,56.677,,0.0914764534,2.1759123
1990,"Congo, Dem. Rep.",-9.665213356,849.5524214,2930362172,289.8447271,20.0484799,,49.043,,-0.1546563004,108.9553071
1990,"Congo, Rep.",-1.724726029,2374.447423,3482606220,,42.443886,,54.638,,0.8057736507,-1.029068272
1990,Cote d'Ivoire,-4.599431373,2009.487858,,,4.100201592,,53.254,,0.448639331,-4.523273544
1990,Djibouti,,,,,0.5682184629,,56.678,,0.013264708,
1990,"Egypt, Arab Rep.",3.133711276,2051.612258,10489939416,,18.3194663,,64.572,2.381002088,1.707814196,17.74305137
1990,El Salvador,3.449752621,2395.694424,1567126781,,0.835429774,,64,,0.03940333069,5.107072035
1990,Eritrea,,,,,,,49.588,,,
1990,Eswatini,17.4974817,2258.861377,727827662.4,,5.594683013,,61.95,,2.701021044,30.38490738
1990,Ethiopia,-0.7391514341,276.1557708,,48.35295692,11.89886966,,47.099,3.038575964,0,3.271374608
1990,"Gambia, The",-0.7720631908,727.023647,,,4.354325011,,52.221,6.423968556,4.453087478,11.96453339
1990,Ghana,0.3921530572,856.8901384,,,6.847377956,,56.776,,0.2513085524,31.16658673
1990,Guinea,1.28904393,555.4582785,,,22.11495951,,49.987,,0.6697288987,17.27918117
1990,Guinea-Bissau,3.762844137,668.630623,,,18.08760891,,47.095,,0.8279978182,30.24603769
1990,Haiti,-0.9740503059,1525.020015,148569326.8,,0.7589806501,,54.265,,0.2583737478,11.99575008
1990,Honduras,-0.1249525261,1738.621552,4453291056,,3.212887446,,66.723,,0.883605842,25.00868748
1990,India,3.365072562,532.75455,27593408174,50.78325379,3.374451148,,57.865,0.4297796279,0.07374002054,10.66830385
1990,Indonesia,5.3479457,1487.84551,41624238415,45.74145233,12.27483802,,62.32,7.074743401,1.029764942,9.093949698
1990,"Iran, Islamic Rep.",10.71945013,3333.444393,58473714208,,21.86510078,,63.837,4.5194953,-0.2899932176,22.53482447
1990,Kenya,0.7248373772,1121.973667,4213222764,,4.963898607,,57.406,,0.6658738288,10.63719873
1990,Kiribati,-2.985162114,1517.814012,,,0.03981357364,,59.636,,0.7529666456,-1.062753036
1990,"Korea, Dem. People's Rep.",,,,,,,69.896,,,
1990,Kyrgyz Republic,3.688011593,1203.482098,,,1.058209044,,68.29756098,,,7.975698814
1990,Lao PDR,3.707108015,640.8940478,,,6.874068955,,53.364,,0.6931929614,37.90738077
1990,Lesotho,3.7305016,567.0599828,39791769.12,,3.901696591,,59.837,,2.762959286,11.99390391
1990,Liberia,,,,,,,46.046,,,
1990,Madagascar,0.1947766255,559.7549797,1057392105,,5.137165007,,51.003,,0.5694595142,11.85870577
1990,Malawi,1.995609309,248.7712892,,,8.832855502,,46.096,,1.238853274,10.66083429
1990,Mali,-4.267707957,496.9064761,700129679,,4.069178285,,45.746,,0.2136429629,7.602112651
1990,Mauritania,-4.303617818,1379.465098,1209941363,,8.573328294,,59.688,,0.4470207788,2.642477548
1990,"Micronesia, Fed. Sts.",1.325791888,2524.947311,,,0,,63.605,,,4.949650002
1990,Mongolia,-5.096445402,1771.696117,,,8.861133722,,60.268,,,23.24292531
1990,Morocco,1.514947622,1725.709091,10703376293,87.19675998,0.4431561564,,64.732,6.707845079,0.5471251949,7.694359622
1990,Mozambique,-0.4102735026,220.1904693,137805532.3,,,,45.261,,,
1990,Myanmar,1.315171127,166.1398723,,,,,56.849,,,18.53959537
1990,Nepal,2.086561291,437.5357341,,52.62058095,1.746703903,,54.404,,0.1637463217,10.71588515
1990,Nicaragua,-2.219287986,1257.588995,732648601.4,,6.71830601,,64.293,1.974874988,0.06637241668,5016.10795
1990,Niger,-4.33749189,481.0702438,472119082.3,,3.778280064,,43.538,,1.161884875,39.35995428
1990,Nigeria,8.930687273,1588.502304,18632965715,,24.87190915,,45.9,,1.08795099,6.668941872
1990,Pakistan,1.416426113,924.6347426,9735861012,78.77253509,1.872611138,,60.1,,0.6129976619,6.451999168
1990,Papua New Guinea,-5.299256198,1597.404727,,48.95325401,22.92875305,,56.492,3.481893245,4.826910353,4.138231585
1990,Philippines,0.4493529789,1739.664764,18143512064,51.30170984,1.926120435,,66.366,2.452106639,1.196075237,12.97128127
1990,Rwanda,-2.558636285,372.3800847,224735327.7,49.79692027,4.725729727,,33.413,6.278430487,0.3003702925,13.46146891
1990,Samoa,-4.927533427,2756.654324,,,2.161599518,,66.281,,5.247829973,9.006439507
1990,Sao Tome and Principe,,,,,,,58.247,,,
1990,Senegal,-3.684407786,1016.344622,1950364093,,1.914465628,,57.202,,0.7697659117,-0.1668723772
1990,Sierra Leone,1.787006677,553.7179709,119894231.7,,19.7972836,,38.563,,4.992681776,70.59154925
1990,Solomon Islands,-0.6142919886,1994.476298,76193259.25,,8.122781633,,64.365,,4.861910497,34.16548822
1990,Somalia,-2.736146526,,,,13.48648247,,45.378,,0.6095671102,215.4668007
1990,South Sudan,,,,,,,43.524,,,
1990,Sri Lanka,5.054980966,1253.719335,4810465309,96.58062551,0.4670317742,,69.509,3.634736345,0.5397428387,20.06327529
1990,Sudan,-7.87375273,772.9579626,21716585207,,0.00177562271,,55.5,,-0.2508734324,66.23558835
1990,Syrian Arab Republic,4.47776247,,,,27.53033087,,70.553,,0.3249753919,19.33487015
1990,Tajikistan,-3.119684126,1341.760096,,,0.7833082601,,58.824,,,6.289912999
1990,Tanzania,3.687664467,515.6939127,886036566.2,,11.49973782,,50.206,,0.0002348110553,22.44918568
1990,Timor-Leste,,,,,,,48.492,,,
1990,Togo,-2.774177378,531.2845709,857988577.4,,6.111693295,,55.887,,1.120074231,2.975944444
1990,Tunisia,5.562313862,1995.938966,7140092053,54.7703801,6.906911161,,68.792,4.146749632,0.6299086722,4.476504478
1990,Uganda,2.846015478,372.8240752,331119472.2,,15.8107071,,45.853,,-0.1373014022,44.38008967
1990,Ukraine,-6.558926109,3965.428243,117546056134,,3.44841148,421279998.8,70.09756098,,,16.339579
1990,Uzbekistan,-1.331989736,1467.921251,,,9.938969275,,66.481,,,3.979689353
1990,Vanuatu,8.819768903,2640.379223,,23.41696596,0.9054619793,,64.721,0,7.763653729,-0.9681043723
1990,Vietnam,2.877013895,541.9003748,4354754670,,11.51888635,,70.551,,2.78132276,42.09509813
1990,West Bank and Gaza,,,,,,,68.048,,,
1990,"Yemen, Rep.",,2042.541382,,,29.78370124,,57.346,,-2.317996038,
1990,Zambia,-3.16381196,851.1848412,,244.3805364,20.98182466,,49.249,,6.170063526,106.38892
1990,Zimbabwe,4.13183879,1623.930176,3998161385,,4.212482292,,58.1,,-0.1389583621,-0.920431046
1995,Afghanistan,,,,,,,53.398,,,
1995,Algeria,1.836410561,2834.263395,33084611492,,16.16789126,,68.54,,0.000002394388588,28.57703753
1995,Angola,11.35953867,2146.455653,,,42.40854253,,45.246,,8.495021078,1825.495149
1995,Bangladesh,2.901244279,572.4384537,3038511612,,0.4554464631,,62.002,,0.004998378188,7.144938703
1995,Belize,-1.924604089,3816.45431,342759414.5,36.29438003,0.6431995103,,69.439,5.887197836,3.392849227,6.052271144
1995,Benin,2.609386016,823.5492865,1000047050,,9.136399179,,55.203,,-0.35666864,15.09945191
1995,Bhutan,6.528561583,931.8786036,136948671.6,28.26394923,5.869388574,,56.636,16.86133961,0.01721378969,8.284382763
1995,Bolivia,2.542198796,1920.317934,3898835803,57.41137921,5.052149019,,59.276,3.074911603,5.847909232,11.42728592
1995,Burkina Faso,2.852924336,365.2805352,497138043.6,,13.84372632,,49.445,,0.4125510836,6.769569038
1995,Burundi,-9.274659565,350.9509864,,128.9192191,24.02891351,,46.758,6.854501573,0.1981073785,16.10271174
1995,Cabo Verde,11.29076697,1236.561914,,,0.6919681509,,66.224,,5.37425869,-1.546899309
1995,Cambodia,6.41494759,387.7446603,786289581.4,,8.326751947,,55.189,,4.382185009,8.00418016
1995,Cameroon,0.6623642777,971.6187245,3678109163,,9.843939772,,51.554,,0.150750239,4.992791916
1995,Central African Republic,4.284583746,486.3657158,,,12.3457444,,46.53,,0.5559102426,9.897975858
1995,Chad,-2.072005585,393.0779446,,,14.21634866,,47.426,,2.255420134,8.833127266
1995,Comoros,0.7520629819,1155.113802,42626817.6,,1.689939328,,58.722,,0.2232397286,8.320974495
1995,"Congo, Dem. Rep.",-2.505026152,485.4169627,1435548623,232.9362311,36.31854269,,49.111,,-0.3957829766,466.4073586
1995,"Congo, Rep.",1.097696611,2113.19155,3999857493,,36.99527053,,52.583,,5.329956171,3.39592951
1995,Cote d'Ivoire,3.622816758,1815.258045,,171.0654426,5.180846518,,51.569,,1.925072852,11.04378986
1995,Djibouti,,,,,0.6324788564,,57.065,,0.6466491815,
1995,"Egypt, Arab Rep.",2.563810874,2185.302175,13862240143,,8.437691077,,66.779,4.208823529,0.9940284314,11.3997415
1995,El Salvador,3.494090969,2826.878276,2557218293,,0.7792319542,,67.277,,0.4263331555,10.92810396
1995,Eritrea,3.521429964,,,,8.865724327,,52.316,,,9.810040354
1995,Eswatini,2.652537786,2330.265922,1002701914,,4.116517566,,57.422,,3.04630355,16.64938065
1995,Ethiopia,2.654450883,243.598443,,82.62967636,31.64930357,,49.303,4.705742103,0.1844993277,12.70636909
1995,"Gambia, The",-2.189363154,682.9385402,,,3.036979907,,53.889,,0.9833687971,3.9632505
1995,Ghana,1.344209241,917.5890152,,,12.82341241,,57.528,,1.647296722,43.04533064
1995,Guinea,1.895045602,587.6179195,,,15.15818882,,51.744,,0.02081917338,5.951338301
1995,Guinea-Bissau,2.242198658,700.0042168,,,26.06173991,,48.658,,0.01575008259,44.73003822
1995,Haiti,7.879959813,1223.507519,110566584.7,,1.225194626,,55.829,,0.2630350504,15.9633774
1995,Honduras,3.212493781,1753.85641,4757975603,,2.451798615,,68.871,,0.9350259788,23.71396868
1995,India,5.529881349,618.3677694,53641776712,47.4916413,2.53085254,,60.32,0.1934334365,0.5949862584,9.06270222
1995,Indonesia,6.562205374,1934.123433,72239852968,30.80432488,5.526252046,,64.291,4.965742537,2.15007984,9.882045131
1995,"Iran, Islamic Rep.",0.8656624673,3599.604811,69706465003,,20.12183295,,68.377,6.832339972,0.01763133843,38.09523398
1995,Kenya,1.331405874,1037.269421,4955836910,,7.286247497,,53.486,,0.4674742893,11.22107084
1995,Kiribati,-1.348499665,1463.483558,,,0.07891581905,,61.539,,0.6881425914,1.333333333
1995,"Korea, Dem. People's Rep.",,,,,,,66.537,,,
1995,Kyrgyz Republic,-6.363279166,587.3052078,1500185109,,0.6075658022,,65.7902439,,5.785004738,42.03108922
1995,Lao PDR,4.587842757,760.1571349,,,9.054898702,,55.851,,5.392573986,19.68536442
1995,Lesotho,1.263037045,659.6680304,110021833.6,,4.075163731,,55.782,,2.412879506,12.81651843
1995,Liberia,,,,,,,48.314,,,
1995,Madagascar,-1.406451416,473.962757,1303404369,,7.721875805,,54.616,,0.2529940677,49.03611913
1995,Malawi,15.55822335,275.2046509,,,18.31414166,,45.846,,0.4038079035,77.21958346
1995,Mali,-1.719136133,511.8975812,1053713413,,6.176677842,,46.573,,4.117231002,15.8089839
1995,Mauritania,7.061525067,1417.656162,1300436370,,1.783559953,,60.426,,0.3341432097,2.8419201
1995,"Micronesia, Fed. Sts.",5.516749966,2908.253799,,,0.01590584307,,64.049,,,2.247767526
1995,Mongolia,5.564398395,1467.797561,,37.07128268,12.67368971,,61.211,2.744468859,0.674854439,60.27242543
1995,Morocco,-6.857030561,1727.31099,11092313950,68.39491528,0.470499317,,66.846,3.025933402,0.8577141286,7.538402934
1995,Mozambique,-1.275165246,219.1927749,286747500.3,,19.87274659,,47.123,,1.551765425,51.54316808
1995,Myanmar,5.6857279,207.7256838,,,,,58.46,,,19.60084363
1995,Nepal,0.9020105217,493.6546022,,66.18364321,1.388811488,,58.6,,0,6.30086156
1995,Nicaragua,3.790680574,1232.313108,976725950.6,,1.990784839,,67.344,2.247725525,2.147099242,13.3926838
1995,Niger,-1.018779239,432.5830583,463240410.5,,9.732677031,,46.641,,0.09701489437,4.249461323
1995,Nigeria,-2.530052289,1414.101377,16412261307,,20.56816481,,45.854,,0.7621955759,75.40165319
1995,Pakistan,2.067480993,1008.224761,14975683769,,0.851591852,,61.505,,1.191752908,13.00648446
1995,Papua New Guinea,-5.575342449,2146.540816,,53.66200139,26.79893731,,58.073,1.73298142,9.805073867,15.85133079
1995,Philippines,2.273771865,1717.564574,28662943226,61.06374193,0.9075542991,,68.231,,1.994064024,7.55087024
1995,Rwanda,37.53546061,296.7281532,66056763.18,,12.58172647,,31.037,,0.1546150652,51.26658306
1995,Samoa,5.819877541,2784.851484,,,2.024500588,,67.249,,1.529801797,-6.975462793
1995,Sao Tome and Principe,,,,,,,58.795,,,
1995,Senegal,2.688232536,978.3107544,2517752176,,3.254475467,,57.404,,0.5006675359,7.113007286
1995,Sierra Leone,-7.875196759,421.2792745,71610282.6,,15.88760536,,37.083,,0.8368627931,33.59798913
1995,Solomon Islands,7.027442678,2560.01885,111640945,,8.691467671,,65.552,,0.4315196998,9.533407592
1995,Somalia,,,,,,,47.151,,,
1995,South Sudan,,,,,,,46.855,,,
1995,Sri Lanka,4.641628816,1548.549212,7215068225,94.6498206,0.3870535564,,69.259,3.368215499,0.429753548,9.30343963
1995,Sudan,3.228629651,870.2970091,24490975593,,0.04239746798,,56.709,,0.08676949651,104.5550287
1995,Syrian Arab Republic,2.838174572,,,,26.25181462,,71.961,,0.8774464731,6.684041319
1995,Tajikistan,-13.71739002,467.4290606,,,0.5679888775,,58.497,,0.8123209169,294.5307656
1995,Tanzania,0.584744476,479.31567,1925901427,,14.04669757,,49.287,,2.282237875,26.86195135
1995,Timor-Leste,,,,,,,53.538,,,
1995,Togo,5.149158932,476.2960486,826395576.5,,12.62685673,,54.757,,-0.5967167669,11.08421036
1995,Tunisia,0.5853089192,2179.328028,9092060573,57.51826787,2.798507363,,71.517,4.355551907,1.530549276,5.351095408
1995,Uganda,8.138094405,444.7661369,584154967.7,,19.50946075,,43.824,,2.105695143,9.37643764
1995,Ukraine,-11.50356962,1917.432564,51066265400,,2.548825395,421519989,66.74195122,,0.553772417,415.8098702
1995,Uzbekistan,-2.674535885,1071.684388,3385792098,,7.959168498,,66.396,,-0.1797689665,370.9439533
1995,Vanuatu,-1.418429411,2702.822075,,24.18345079,0.9388128131,,66.162,-0.05366150324,12.45117314,1.731938822
1995,Vietnam,7.699108894,729.5402794,10709485106,,7.395099899,,71.923,,8.585965855,17.04019542
1995,West Bank and Gaza,2.427689349,2189.267683,814235000,,0,,69.757,,3.734616791,7.784722821
1995,"Yemen, Rep.",1.306812229,2163.525442,,,41.92494135,,58.817,,-5.111782106,45.74334276
1995,Zambia,0.3314734656,741.7902647,,155.2792246,7.233363707,,44.242,,2.810562477,30.61112476
1995,Zimbabwe,-1.149555256,1576.086929,4884785694,,8.546617404,,50.48,,1.655119106,3.038538292
2000,Afghanistan,,,,,,,55.841,,,
2000,Algeria,2.399496544,3111.174196,43351695906,,24.3954281,,70.64,,0.5112211355,22.67797944
2000,Angola,-0.267956298,2451.509826,4698226838,,55.45007279,,46.522,4.668491504,9.623823976,418.0189915
2000,Bangladesh,3.257496507,653.80864,4929933025,,0.59407768,,65.447,,0.5253620892,3.44665935
2000,Belize,9.212350789,4278.050151,527663517.5,,0.2758287842,,68.847,9.661658499,3.553134273,0.4759426079
2000,Benin,2.745725782,905.8262726,1203033053,,3.398620856,,55.391,,-0.3634907593,4.341055664
2000,Bhutan,1.059276076,1108.439825,213907711.5,40.48037494,3.99150496,,60.884,23.46685364,,7.350196168
2000,Bolivia,0.5448545228,2059.185279,4242423267,60.10919786,3.984881991,,62.452,3.094255077,8.768250434,5.19540791
2000,Burkina Faso,-0.9664430187,440.028405,561637274.6,,5.355580307,,50.489,,0.7784582294,-0.8197731852
2000,Burundi,-2.593559293,306.5844789,56513314.35,,15.06093519,,49.091,,1.342151992,38.9448932
2000,Cabo Verde,12.223792,1974.088849,,,0.4144385888,,68.583,,6.342824223,-7.901103461
2000,Cambodia,7.561399459,485.8604712,1670392082,,2.453022248,,58.432,,3.237754226,-4.283226768
2000,Cameroon,0.8744467757,1055.690956,4872745064,,8.355999878,,50.993,,1.579852549,5.214816796
2000,Central African Republic,-4.696612815,460.3452087,,,11.20517669,,44.19,,0.09721975088,8.506601078
2000,Chad,-4.46365291,374.9696177,,,10.59982397,,47.713,,8.294696694,5.28980486
2000,Comoros,8.087708026,1189.721875,50088383.66,,1.403005176,,59.46,,0.02666658033,-4.460024513
2000,"Congo, Dem. Rep.",-9.255088418,350.8707653,2307887344,,7.546601872,,50.041,,0.4934522816,2630.122674
2000,"Congo, Rep.",4.514999989,2061.287272,5129803638,,57.99638372,,52.123,,-3.032841422,47.04008308
2000,Cote d'Ivoire,-4.580494213,1828.182116,,,4.613809181,,49.635,,2.184550936,2.245818787
2000,Djibouti,,,,,0.3820792681,,57.022,,0.5961294458,
2000,"Egypt, Arab Rep.",4.336347588,2610.476498,15894900276,,7.74053588,,68.602,,1.236997207,3.94440699
2000,El Salvador,0.3858769608,2979.959065,4538320255,27.37640894,0.4970773057,,68.875,1.530853685,1.471370927,3.274520865
2000,Eritrea,-5.465863683,,,,4.922254905,,55.273,,3.945534852,24.97759475
2000,Eswatini,0.6137635722,2472.132631,1378582899,,2.964676578,,47.49,,5.215923232,25.34294172
2000,Ethiopia,3.059110082,262.0253134,,,18.48526548,,51.941,,1.633506369,9.464718955
2000,"Gambia, The",2.250232431,728.7095958,,,2.2558455,,55.956,,5.558710413,2.216982613
2000,Ghana,1.190821343,1000.453655,,,13.69558679,,57.002,,3.329303379,27.23011389
2000,Guinea,0.1896086384,628.1550971,,,12.38468815,,51.203,,0.3319132329,6.30012396
2000,Guinea-Bissau,3.30564338,577.4856649,,,11.88633302,,50.368,,0.1892426192,80.89967647
2000,Haiti,-0.8548305089,1267.64015,245564545.7,,0.3466468883,,57.131,,0.1929049945,92.92799858
2000,Honduras,4.396736963,1790.364083,5005531792,,1.387868122,,70.689,,4.86983495,7.993446741
2000,India,2.021088595,757.6687472,88420788419,55.0042465,2.392593304,,62.505,0.1413626912,0.765212649,3.644970161
2000,Indonesia,3.482210606,1867.548796,80329830473,,9.84522754,,65.772,,-2.757439934,20.44745685
2000,"Iran, Islamic Rep.",4.482692788,3888.050977,71571431339,,32.62411613,,70.176,4.38254986,0.03558663405,24.97250817
2000,Kenya,-2.125154281,1002.374863,4867311581,,3.313967549,,50.921,,0.8728959722,6.079848488
2000,Kiribati,4.442346425,1553.055636,,,0.02958428475,,63.144,,1.073257195,2.034084662
2000,"Korea, Dem. People's Rep.",,,,,,,65.268,,,
2000,Kyrgyz Republic,4.194824155,718.3373488,1751026760,,4.101786691,,68.55853659,,-0.172311074,27.16173805
2000,Lao PDR,4.042749821,933.4201951,1815424030,,4.024261806,,58.803,,1.9576039,24.79777661
2000,Lesotho,3.207521586,715.0085118,293295495.8,,3.459860588,,47.691,,3.651798841,6.300218213
2000,Liberia,,763.6653646,440670154.5,,17.84095468,,51.734,,2.3798627,
2000,Madagascar,1.248436347,487.6602468,1636188750,,3.283340734,,58.485,,1.791923807,11.57035297
2000,Malawi,-1.106432364,294.3439181,,,10.0707693,,45.09,,1.491247431,30.53395149
2000,Mali,-2.831837576,571.6576875,1653862980,,5.477281947,,48.069,8.545300889,2.032148857,-0.6197279204
2000,Mauritania,-6.425193208,1296.321815,1052182466,,1.243461025,,60.706,,2.253187637,6.351586758
2000,"Micronesia, Fed. Sts.",5.189190234,2894.64294,,,0.007464105819,,64.55,,,1.07890621
2000,Mongolia,0.2521067212,1610.010208,,78.41832771,5.208002667,,62.869,2.198336245,4.723122798,11.99969139
2000,Morocco,0.6672216691,1976.091443,15849593577,,0.3037569801,,68.684,,1.097744357,-0.7422881899
2000,Mozambique,-1.491739913,294.6469084,625760170,,6.212129673,,48.946,,2.462665055,11.49754484
2000,Myanmar,12.43457417,293.2675037,,,7.088112045,,60.063,,5.467529912,2.461773988
2000,Nepal,4.287565074,562.3031305,,64.57331984,1.167019951,,62.288,,-0.008824252945,4.472433713
2000,Nicaragua,2.494285145,1444.947695,1736119103,,1.354008754,,69.527,4.626781713,5.217991628,8.56622846
2000,Niger,-4.710071937,399.1432638,609359769.6,,7.286921459,,49.928,,0.7033429429,3.178393703
2000,Nigeria,2.419132598,1450.783839,22322698524,,23.37597933,,46.267,,1.641739329,22.6737374
2000,Pakistan,1.53612336,1029.112585,15168445230,66.75250207,1.236965182,,62.82,1.60352812,0.3755284981,38.51198619
2000,Papua New Guinea,-4.68626066,1883.933898,,57.74153126,25.29838804,,59.265,0.2283941741,2.740303139,13.10241804
2000,Philippines,2.181097426,1830.913247,38338061713,58.59843312,0.4647783617,,68.793,2.361018877,1.777214472,9.159202126
2000,Rwanda,2.463828928,344.9399779,175524986.5,,5.029538189,,48.649,,0.3917721085,3.279437528
2000,Samoa,6.399075,3269.376581,,,0.453318231,,68.748,,-0.4485940131,2.891975101
2000,Sao Tome and Principe,,,,,,,61.365,,,
2000,Senegal,1.458931826,1066.621645,2696391527,,2.34262536,,57.787,,1.350213298,1.259195461
2000,Sierra Leone,3.810032335,403.0498743,95605949.49,,14.25668728,,39.441,,6.133420204,3.281143083
2000,Solomon Islands,-16.57538393,1939.074464,128401535.5,,5.14785109,,67.442,,0.4773017407,5.58488111
2000,Somalia,,,,,,,50.869,,,
2000,South Sudan,,,,,,,49.166,,,
2000,Sri Lanka,5.354733552,1923.413482,10372878007,96.90403265,0.1909560329,,71.333,2.615701204,1.05898829,7.277430207
2000,Sudan,3.442093537,1017.286263,86067837310,,10.10025929,,58.472,,3.199694989,9.853136581
2000,Syrian Arab Republic,0.2582801739,,,,25.78646426,,73.11,,1.397089248,9.70098597
2000,Tajikistan,6.639862358,434.3443177,,,1.012127374,,61.974,,2.735935176,22.63187361
2000,Tanzania,1.978704412,522.0768365,2520958496,,3.755427826,,50.801,,3.46442642,8.201104251
2000,Timor-Leste,,940.9489372,52049900,,0.4036264425,,59.002,,,
2000,Togo,-3.683792323,505.5008892,846849886.6,,7.161803247,,53.491,,3.540361003,10.04945674
2000,Tunisia,3.687933102,2692.938808,11664861753,56.72127583,3.71892241,,73.172,3.973037434,3.496070831,3.283579422
2000,Uganda,0.09890135809,514.5142032,810603346.3,,12.04941439,,46.229,,2.59476175,11.11730588
2000,Ukraine,6.971350136,1817.972846,67910259591,45.28746987,3.784038894,822750000,67.67560976,1.370376904,1.903286294,23.11594264
2000,Uzbekistan,2.408081724,1197.129252,3070358333,,17.61175858,,67.156,,0.5428576299,47.29261521
2000,Vanuatu,3.803037157,2836.561024,,,0.8026175733,,67.363,,7.44668952,2.178970581
2000,Vietnam,5.6186354,957.0037528,27305385400,,9.440880968,,73.025,,4.16392408,3.408827662
2000,West Bank and Gaza,-10.86318811,2436.003009,1370621100,,0,,71.022,,1.437441622,10.4423447
2000,"Yemen, Rep.",3.206016238,2383.748084,,,42.32437506,,60.683,,0.06629942826,23.55203431
2000,Zambia,1.150472299,773.7207264,,,9.12203706,,44,,3.379914273,32.61387051
2000,Zimbabwe,-3.538611606,1696.753262,4920777422,,3.919260385,,44.649,,0.346788446,0.6279000341
2005,Afghanistan,7.207967218,359.8990021,,,0.3817197997,,58.29,,4.364535244,10.91277355
2005,Algeria,4.43825778,3752.093781,51990999077,,32.43901365,,73.072,,1.120174023,16.12538113
2005,Angola,11.03078294,3220.078085,29132134397,,45.82718464,,50.165,2.912661708,-3.526655479,42.3755606
2005,Bangladesh,4.965840614,769.1359804,14756419406,,0.9720413897,,67.773,2.193978563,1.17120896,4.586360705
2005,Belize,-0.6748084256,4773.660847,800936166.5,93.17791802,0.2872651444,,69.998,3.405105738,11.51029461,2.871068519
2005,Benin,-1.245889709,943.6293149,1472663486,,3.04730613,,57.355,,-0.1338203694,4.293664135
2005,Bhutan,5.644230192,1489.211777,432840943.8,81.72261948,2.641792756,,65.289,10.41789447,0.7793433639,5.902775454
2005,Bolivia,2.574925411,2186.186679,6886494577,,11.72050672,,65.312,3.780897794,-2.498880031,5.940795568
2005,Burkina Faso,5.493492362,518.1678672,727621550.6,,6.324784155,,53.31,9.967472234,0.8481459342,3.739385397
2005,Burundi,-2.294461494,295.7371584,115037956.4,,26.46328696,,53.369,,0.05234042292,18.84158948
2005,Cabo Verde,5.43126348,2410.773812,,,0.5372805577,,70.424,8.114322833,8.283481402,-1.794883198
2005,Cambodia,11.48495836,695.3649707,3648692411,,1.7198481,,63.088,4.539468074,6.025383905,6.076678825
2005,Cameroon,-0.7067642377,1144.549765,4968968062,,8.326126538,,52.76,,1.357019882,0.748966068
2005,Central African Republic,-1.053217533,454.5074072,,,8.579298442,,44.744,,0.755217887,4.188437082
2005,Chad,13.12726855,676.1621123,,,38.65062378,,48.549,,-1.494028152,28.11193368
2005,Comoros,0.4171979797,1182.210978,56128736.33,,1.286908403,,60.126,,0.08547372772,0.3158816582
2005,"Congo, Dem. Rep.",2.808807555,363.6674775,4516315088,,23.08570995,,53.675,,1.504452594,29.86954662
2005,"Congo, Rep.",4.415301449,2171.443137,5136761537,,52.10988877,,55.6,6.46048549,12.0498446,32.49873951
2005,Cote d'Ivoire,-0.4070026936,1638.975172,,,5.376601151,,50.12,2.599937526,2.042272555,1.301305273
2005,Djibouti,,,,,0.5292497547,,57.991,,3.133262929,
2005,"Egypt, Arab Rep.",2.602210695,2830.350138,29551974765,,14.40444807,,69.434,3.744233983,5.999509006,6.212729509
2005,El Salvador,2.226812776,3126.484682,4985581959,56.21580632,0.4056136891,,70.124,3.550142538,3.477615671,4.267723845
2005,Eritrea,-1.302738235,,,,3.243441433,,58.707,,0.1303277564,7.623689359
2005,Eswatini,5.557738533,2902.772821,1792848610,,2.047049603,,42.518,,-1.442684672,6.556824034
2005,Ethiopia,8.733089642,310.4826498,,,23.27649649,,56.223,5.537996756,2.137800937,9.875511911
2005,"Gambia, The",-5.33865336,711.2819446,189328651.9,,2.613911014,,57.939,4.073619634,5.220410852,4.113805283
2005,Ghana,3.267291707,1130.459877,,,11.68351901,,58.719,8.822452776,1.349226451,14.9637183
2005,Guinea,0.9185097481,661.1025032,,,20.97428709,,53.238,,3.574989252,27.39084537
2005,Guinea-Bissau,1.828782902,562.3848559,,,13.27954471,,52.275,,1.480756025,5.80054673
2005,Haiti,1.947535378,1241.461177,450990912.7,,0.3544865195,,58.652,,0.3687967175,11.2996105
2005,Honduras,3.547847381,1980.986058,7419993316,,1.177890848,,72.026,2.779522322,6.160269033,7.279164158
2005,India,6.231949735,953.567973,196236164031,62.2265261,3.552230389,,64.5,0.47580966,0.8861007201,5.621903263
2005,Indonesia,4.289591484,2199.093914,111943603720,,9.731952449,,67.334,,2.916114843,14.33178708
2005,"Iran, Islamic Rep.",1.990106146,4634.010618,81978937552,,34.48467907,,71.917,6.423144389,1.275850911,20.1661916
2005,Kenya,3.044994854,1045.924722,7132305031,,4.0380771,,54.732,,0.1132020554,4.899649719
2005,Kiribati,2.881451911,1529.173179,,,0.0264881696,,64.478,,2.324020788,0.512072322
2005,"Korea, Dem. People's Rep.",,,,,,,68.389,,,
2005,Kyrgyz Republic,-1.29507487,820.7159801,1936316093,,3.078245913,,67.95609756,,1.730120209,7.128622279
2005,Lao PDR,5.441348218,1169.297128,1599030274,,6.463243042,,61.625,,1.013321328,8.640322479
2005,Lesotho,3.976062897,835.6097832,668842801.4,,3.430746507,,42.658,6.530291057,1.631137039,5.922842941
2005,Liberia,2.583517475,544.7939205,462297236.9,,19.88023089,,55.393,1.008316771,8.725196147,0.4900108649
2005,Madagascar,1.706699388,471.1950197,1509003166,,5.411862588,,61.212,,1.458008013,18.36382465
2005,Malawi,0.6177778566,289.0468576,,,6.716334036,,47.844,,3.821111993,10.74123602
2005,Mali,3.145556735,687.934849,2733500315,,2.768608458,,52.057,8.044736667,2.564510774,7.501710131
2005,Mauritania,5.516578455,1378.595272,1022635058,,15.28165019,,61.349,,27.65203618,14.58525917
2005,"Micronesia, Fed. Sts.",2.512008711,3022.795709,,,0.01013627077,,65.489,,,2.096994672
2005,Mongolia,5.978599392,2091.490812,,,16.71101477,,65.103,,7.434995704,20.09843877
2005,Morocco,2.084364684,2363.444447,22999905619,59.26999277,0.7360553376,,71.746,2.87259563,2.679705952,1.190540613
2005,Mozambique,3.610136919,383.7107749,2014549638,,8.092922157,,50.387,,1.433068963,7.191368662
2005,Myanmar,12.67468434,512.6353995,,,12.8992949,,61.607,5.351042187,2.221672522,19.1635299
2005,Nepal,2.172198936,617.7939891,1695227085,51.76462305,0.7926680535,,65.264,,0.03015629633,6.11939041
2005,Nicaragua,2.868073275,1573.04778,2475457243,,1.094831732,,71.195,4.173882915,3.814067387,9.867094176
2005,Niger,3.404276735,411.2001494,643963889.9,,7.15188618,,53.411,,1.135067623,8.584884443
2005,Nigeria,3.721623939,1948.048436,27827137391,,20.52187035,,48.252,,2.828830019,19.85849477
2005,Pakistan,4.100530677,1175.437453,26426033811,,2.107800394,,63.951,1.699322247,1.833321933,7.83976364
2005,Papua New Guinea,4.041770062,1887.673184,,,29.22165329,,60.534,,0.8215627627,12.18237926
2005,Philippines,2.97837094,2077.767983,51484529099,65.70974312,0.9305182137,,69.112,1.528286051,1.549060317,5.910893448
2005,Rwanda,7.401920541,456.590745,454931185.8,,5.906192674,,55.254,,0.2714672652,9.026829753
2005,Samoa,3.504504529,4033.237083,,,0.3096717796,,70.374,,0.8084026874,0.8560837951
2005,Sao Tome and Principe,4.552989743,1206.09518,,,2.723903153,,64.659,,11.47963977,18.55974123
2005,Senegal,1.676297833,1133.71699,2991156463,,1.978484386,,60.62,,1.517208586,4.706135282
2005,Sierra Leone,0.587581535,471.8881603,278190996.6,,9.808551805,,44.502,,5.497242011,16.62996047
2005,Solomon Islands,2.9870471,1826.661574,186004024.8,,10.39193503,,69.158,,0.1149404006,14.33087892
2005,Somalia,,,,,,,52.346,,,
2005,South Sudan,,,,,,,51.686,,,
2005,Sri Lanka,5.383795801,2244.821288,12400190172,90.60491311,0.1222589922,,74.695,3.590208995,1.116128543,10.41872675
2005,Sudan,4.535020873,1206.511932,157577074823,,17.42233726,,60.525,,5.887717869,8.624863759
2005,Syrian Arab Republic,3.115128419,,,,27.30528672,,74.43,,1.732563836,11.96643161
2005,Tajikistan,4.705231043,630.781964,,,0.6461098651,,66.08,,2.356037332,9.514324662
2005,Tanzania,4.489368363,637.005571,4918781073,,5.01083682,,54.349,,5.084614661,6.389613208
2005,Timor-Leste,0.6122199052,918.3741247,43212900,,,,63.882,,0.1964254888,1.81192556
2005,Togo,-7.110493621,467.8188481,997656897.3,,6.818588477,,54.602,4.028443344,4.207947387,5.876157758
2005,Tunisia,2.621322986,3131.542606,14791245406,52.42052972,4.562840755,,74.217,2.979627905,2.208393023,4.175835997
2005,Uganda,3.016791246,607.867939,1790396793,,13.81067726,,51.676,,4.110826068,-1.741185294
2005,Ukraine,3.75483753,2758.518075,87736879255,,4.742299284,,67.95682927,0.8029322867,9.0729597,24.19279532
2005,Uzbekistan,5.713013286,1462.97718,4914896474,,22.61001483,,68.407,,1.339156863,21.43086656
2005,Vanuatu,2.709450194,2621.912898,215100706,,0.5548296448,,68.35,,3.355164263,0.4195418969
2005,Vietnam,6.559631518,1273.345509,62669949210,,11.6194607,,74.092,,3.390403646,18.81051957
2005,West Bank and Gaza,8.482908417,2632.246274,1075600000,,0,,72.028,0.220505413,0.707064401,0.056219727
2005,"Yemen, Rep.",2.612533316,2536.188835,,,42.37946932,,63.481,,-1.803717414,18.48688033
2005,Zambia,4.471526273,918.310355,,,14.03796357,,48.496,5.692889777,4.284032189,16.65019907
2005,Zimbabwe,-6.154440866,1137.30318,3046957509,,8.532620563,,43.241,,1.786206014,5.136601077
2010,Afghanistan,11.26409057,547.3548959,,,0.6099805332,,61.028,31.40707892,1.203125109,3.814630317
2010,Algeria,1.746790655,3918.483934,43401072841,,26.28289197,,74.938,,1.426963279,16.1199983
2010,Angola,0.640263325,3988.623646,40798192744,,40.14246391,,55.35,8.499229144,-3.851110464,32.26344232
2010,Bangladesh,4.390962886,972.9096877,22616838572,,1.131255835,,69.881,1.695838647,1.068934861,7.144663025
2010,Belize,0.5088166823,4728.810405,914345842.3,81.32843003,5.353921435,,72.057,3.849504952,7.003447726,1.496221541
2010,Benin,-0.7114052681,988.6107889,2050588298,,3.42233007,,59.318,,0.561144748,0.8808856705
2010,Bhutan,10.77450932,2235.322677,719147473.2,56.21183125,5.305079262,,68.384,13.4811082,4.862689355,5.854311232
2010,Bolivia,2.429302282,2514.434826,7917424533,,9.332978322,,68.007,,3.165443564,8.777508989
2010,Burkina Faso,5.220991699,582.4157341,1931051251,,11.08609183,,57.096,11.04224152,0.3844922494,3.779618728
2010,Burundi,1.756244616,313.3118113,215346982.4,,23.8533749,,57.228,,0.03841191309,8.561551747
2010,Cabo Verde,0.2357449521,3010.722178,499687610.2,,0.4709535003,,71.062,,6.981903001,0.5050860419
2010,Cambodia,4.344632712,890.8520447,6019973787,,2.695956615,,66.56,9.410653919,12.49138118,3.12059287
2010,Cameroon,0.6194195507,1184.542037,5304247140,,7.500685495,,55.101,,2.049213528,1.909827788
2010,Central African Republic,3.458709217,531.7129976,198301656,,7.908126518,,47.312,7.112842376,2.871289225,4.211309311
2010,Chad,9.826018521,724.0305855,2530273045,,24.81900927,,50.89,,2.933979994,6.391195051
2010,Comoros,1.324944611,1208.480835,77158627.26,,1.593404987,,61.862,,0.9196698591,1.653439517
2010,"Congo, Dem. Rep.",3.59883861,404.1515359,5403946971,,25.92961769,,56.909,,12.71601409,20.78632515
2010,"Congo, Rep.",6.630090033,2421.709029,5524339950,25.48268447,47.00155316,,60.093,8.319331619,11.57729472,29.4176838
2010,Cote d'Ivoire,-0.3364150259,1634.832353,11660836518,,6.786996815,,52.964,2.779567541,1.439124272,5.38642329
2010,Djibouti,,,,,0.8381561809,,60.062,,3.234153297,
2010,"Egypt, Arab Rep.",3.080841972,3485.282198,47179129689,,9.005386494,,70.349,4.016575501,2.916016576,10.10686463
2010,El Salvador,1.672500961,3334.938874,5663038783,57.49428662,1.028742159,,71.21,1.495019493,-0.6134061928,2.647267169
2010,Eritrea,0.5658520744,,,,2.521877066,,62.193,,5.72501514,-16.2281997
2010,Eswatini,3.07449818,3305.206941,1818822176,,2.218148163,,46.601,,3.056255505,3.197175596
2010,Ethiopia,9.460612488,453.2988293,,,15.8141144,,61.627,5.878798143,0.9630306254,1.444572317
2010,"Gambia, The",2.78270338,753.1767906,173841314.5,,3.030324075,,59.637,,2.406600848,5.644330861
2010,Ghana,5.249330591,1364.325937,9676353353,,10.13288705,,61.03,6.283155401,7.849577869,16.59564479
2010,Guinea,2.471781262,689.2566887,2186582052,,15.29208035,,56.861,,1.478813385,16.10262625
2010,Guinea-Bissau,1.953241875,585.691609,192042976.4,,14.93073249,,54.628,,3.087523962,2.965353019
2010,Haiti,-5.267845113,1291.595555,679636202.5,,0.6770294045,,60.511,,1.526379025,6.583552063
2010,Honduras,1.652306417,2120.74289,7582019447,,2.362610618,,73.317,2.153826106,3.834605747,4.676043295
2010,India,7.04234767,1244.366016,326415137789,51.5919103,4.443014279,,66.693,0.1940409212,1.635034274,10.52603086
2010,Indonesia,4.812273068,2720.191622,151573997840,26.16615928,7.070380615,,69.205,1.166109381,2.025179138,15.26429366
2010,"Iran, Islamic Rep.",4.596441214,5332.108057,88329297086,,23.10421573,,73.905,,0.74957176,15.88262597
2010,Kenya,5.494072181,1163.896968,8271774474,,3.015425034,,60.959,,0.4451595132,2.091675657
2010,Kiribati,-2.85092617,1367.737108,16060893.97,,0.06233813578,,65.769,1.97976773,-4.229075715,1.178605664
2010,"Korea, Dem. People's Rep.",,,,,,,69.571,,,
2010,Kyrgyz Republic,-1.651752874,966.15073,2528789009,,9.863681684,,69.3,,9.860930707,10.03390355
2010,Lao PDR,6.780744305,1582.251394,2744796772,,14.82148845,,64.306,,3.91153219,9.196571112
2010,Lesotho,4.979321472,995.581359,928100815.1,,3.873272592,,45.1,12.31741282,0.4256784108,5.34302982
2010,Liberia,2.358236393,638.2735933,740644416.3,,18.36466184,,59.6,1.312669469,103.3373871,6.512001318
2010,Madagascar,-2.151865867,469.240612,2075376753,,5.808445183,,63.388,4.379667019,9.13867162,10.21854459
2010,Malawi,3.84969816,358.9409028,,28.03010955,5.943147876,,55.564,5.95663864,1.393898846,12.12717946
2010,Mali,2.039440592,731.5337969,2399056141,,7.669752347,,55.251,7.14935453,3.476134537,4.364999735
2010,Mauritania,-0.3399038931,1417.049466,1831833501,,28.8165813,,62.527,,2.318904272,22.34316873
2010,"Micronesia, Fed. Sts.",2.314039053,3084.75391,,24.15488134,0.02727328167,,66.471,18.58460835,0,3.602984573
2010,Mongolia,4.56205081,2659.006568,2420325714,,35.97524231,,67.38,5.213843542,23.52633713,39.17818796
2010,Morocco,2.485683535,2839.92612,28250244341,50.96249924,2.679945574,,74.382,3.761082655,1.330904482,0.9756216922
2010,Mozambique,3.620015654,479.8844861,3279840292,,11.14473715,,52.31,6.663828197,11.33266917,7.998617575
2010,Myanmar,8.875112035,839.1971076,9778960592,,5.872603726,,63.525,,1.749152055,7.043211894
2010,Nepal,4.313246945,731.6618133,1553157919,33.86252123,1.471390722,,67.611,3.868158511,0.5482946659,15.14693245
2010,Nicaragua,3.001203966,1679.004502,3840551949,,3.256908765,,72.428,1.986083623,5.593334702,6.139759838
2010,Niger,4.483449184,443.4295556,1135080981,,6.884379898,,57.333,,10.14669069,3.475043014
2010,Nigeria,5.15854535,2403.645256,44047664648,,14.7475269,,50.896,,1.667213359,16.34276633
2010,Pakistan,-0.6013014517,1238.873484,31461601529,,1.884956476,,65.264,2.150313352,1.141304858,10.85023946
2010,Papua New Guinea,7.631711064,2235.096323,,,20.8501007,,62.029,,0.2497503596,9.917161123
2010,Philippines,5.561000791,2433.008524,63945446410,50.19624148,2.010545291,,69.823,2.372479049,0.5136984595,4.370884364
2010,Rwanda,4.591583004,599.2074262,618906479.2,,6.483131364,,63.433,,3.531845673,3.185021247
2010,Samoa,-0.2725004762,4083.208732,,,0.4211738372,,71.663,,0.05073199511,4.89946188
2010,Sao Tome and Principe,4.013641084,1402.302102,,,3.974420691,,67.43,,25.73066517,12.47832429
2010,Senegal,0.593291218,1149.646473,3307387715,,2.951819752,,64.284,,1.687783497,1.60441579
2010,Sierra Leone,2.999993256,535.820735,325238701.2,,10.52886611,,49.382,,9.247547614,17.17711734
2010,Solomon Islands,6.007790541,2099.330817,288975698.8,,16.72027211,,70.674,,19.59392421,6.060150604
2010,Somalia,,,,,,,53.99,,,
2010,South Sudan,1.431457455,2352.416049,38051895945,,45.76522175,,54.8,,,12.92640243
2010,Sri Lanka,7.27905886,2950.390721,13232358321,71.58531844,0.187351776,,75.439,2.467355472,0.8418734112,22.79926063
2010,Sudan,0.8214835316,1489.874087,321679461856,,15.89585193,,62.764,,3.144301813,19.58057146
2010,Syrian Arab Republic,,,,,,,72.108,,,
2010,Tajikistan,4.198846064,783.5193787,,,1.157111001,,68.736,,1.664971583,12.46166773
2010,Tanzania,3.290225792,743.4036639,6037930020,,5.630513534,,58.584,2.536165797,5.663727899,9.42871625
2010,Timor-Leste,7.534874207,1184.136981,108529800,,,,67.186,32.07732895,3.439768822,10.83188329
2010,Togo,3.2767302,483.2360995,1159847827,,11.30762831,,57.468,5.934450723,3.646756262,0.6347473081
2010,Tunisia,2.444892243,3715.84187,18231706036,40.6626014,5.998778304,,75.041,2.438049624,3.029442784,3.814857446
2010,Uganda,2.324422695,764.4419332,3321796133,,8.137235288,,57.099,,2.047797745,5.637611638
2010,Ukraine,4.247708735,2965.139715,72191537688,29.96955564,7.600928851,,70.26536585,0.5677882718,4.742923548,13.92223081
2010,Uzbekistan,4.602330394,1998.425748,11300450485,,16.7930357,,69.672,,3.562023652,39.36864388
2010,Vanuatu,-1.299385225,2855.868093,286177554.5,,0.7966533303,,69.123,5.087697704,9.409297157,1.469890428
2010,Vietnam,5.364173555,1648.2618,91757428002,,9.925171486,,74.837,,6.9006118,12.0742957
2010,West Bank and Gaza,3.065654256,2927.08102,1639400000,,0,,72.788,0.07718448523,1.858607115,13.19631625
2010,"Yemen, Rep.",4.73290478,2722.521398,,,23.31720439,,65.549,,0.6103579271,23.61629202
2010,Zambia,7.129809157,1214.694994,,,18.66471896,,55.655,3.097029818,8.533196438,13.95091319
2010,Zimbabwe,18.06588271,1110.447012,2769347450,,7.110931566,,50.64,0.6095734248,1.018021731,4.098404937
2015,Afghanistan,-1.622857186,578.4663529,,,0.495307093,,63.377,18.51212271,0.8496793153,2.447563002
2015,Algeria,1.600493696,4177.886892,38460350139,,15.85764042,,76.09,,-0.324012289,-6.4557092
2015,Angola,-2.468737307,4166.979833,34572954934,,10.80155578,,59.398,4.074328339,8.630605234,-3.518386388
2015,Bangladesh,5.366866159,1248.45331,33820154153,,0.9343112923,,71.514,2.335941171,1.451287647,5.87277704
2015,Belize,0.4839122061,4770.232656,1013860999,,1.208047792,,74.034,,3.43376836,0.6108697852
2015,Benin,-1.004234539,1076.796702,2815204783,,4.304299508,,60.608,,1.315011821,0.8515042612
2015,Bhutan,5.348258203,2752.630172,689952056,93.96922832,4.028295413,,70.419,8.770982425,0.321968437,3.557068165
2015,Bolivia,3.282698885,3035.971655,10186598886,,3.767257349,,70.277,,1.68072788,-4.620602258
2015,Burkina Faso,0.9110757626,653.3272681,3089098203,,11.63285023,,59.919,7.161248822,1.959927164,-2.223954179
2015,Burundi,-6.886404541,305.549646,177973978.4,,15.53249535,,60.123,,1.598471493,21.33404254
2015,Cabo Verde,-0.2373874785,3043.031382,717082167.8,,0.7993970113,,72.117,,6.01649897,1.736266164
2015,Cambodia,5.411601387,1162.904995,11140147277,,1.817686573,,68.637,7.164144825,10.09866353,1.643673887
2015,Cameroon,2.855708478,1327.502561,6884615105,,6.104342717,,57.583,,2.244962678,0.1791471
2015,Central African Republic,3.663704303,377.422919,289437777.7,,12.66145709,,50.881,,0.1769049717,2.708263108
2015,Chad,-0.4907239682,776.0197523,3285310490,,13.19320091,,53.137,,5.110702989,-8.480017258
2015,Comoros,-1.230860462,1242.585682,97918675.94,,2.465839676,,63.471,,0.5110298392,-0.4921556332
2015,"Congo, Dem. Rep.",3.442618074,497.3170391,10512898981,,20.1170171,,59.254,,3.074342219,-1.155897721
2015,"Congo, Rep.",-5.916645656,2447.539308,5078447103,,17.34214591,,63.097,14.58676456,35.99449836,-17.59471155
2015,Cote d'Ivoire,6.131993634,1972.545683,12532872743,,3.29367335,,56.065,2.178207374,1.079150197,42.52076588
2015,Djibouti,5.894352044,2658.964207,3437846050,,0.6610107701,,64.136,,5.918318667,1.893052048
2015,"Egypt, Arab Rep.",2.093735793,3562.932658,43423180593,,4.178824435,,71.302,2.526699128,2.102581284,9.93088973
2015,El Salvador,1.911840823,3705.579704,6911040000,51.27840327,0.8507429829,,72.412,1.81788624,2.109978045,1.31017307
2015,Eritrea,,,,,,,64.664,,,
2015,Eswatini,1.368692374,3679.819798,1751537858,,3.282255677,,55.359,,0.7753070026,5.570651194
2015,Ethiopia,7.391468863,640.5419231,6047701985,,12.19036608,,65.048,,4.066488561,10.83654278
2015,"Gambia, The",0.9738868035,660.7235712,270072130.7,,5.558881778,,60.91,,5.22255549,9.720362427
2015,Ghana,-0.1700490524,1705.575082,15520745572,,10.89419915,,62.772,6.98773262,6.720829495,15.33356831
2015,Guinea,1.272744537,769.2554754,1890478301,,14.1138586,,59.598,,0.6057679336,2.972278349
2015,Guinea-Bissau,3.398630327,603.3993815,288714347.2,,19.87141771,,56.959,,1.772083037,12.10198866
2015,Haiti,0.2247244049,1389.119779,1747466877,,0.5721889672,,62.485,,0.7112960438,7.565236523
2015,Honduras,2.04738682,2302.204411,9475880830,,1.568462312,,74.495,2.113559829,6.275950434,6.932770369
2015,India,6.796759064,1605.605445,416787832622,,1.764172696,,68.607,,2.092115758,2.279588108
2015,Indonesia,3.555062495,3331.695115,182158299305,30.30912614,3.116901829,,70.768,2.147899941,2.297616387,3.98024266
2015,"Iran, Islamic Rep.",-2.611070513,4904.327315,76002457206,,15.81645541,,75.796,,0.5325346461,0.4292374088
2015,Kenya,3.116796581,1336.883265,10608329726,,2.960045209,,64.798,7.867565053,0.9681951961,10.02498136
2015,Kiribati,8.872649191,1542.616968,26736533.69,,0.07292428008,,67.291,3.93135399,-0.4790991971,3.483509391
2015,"Korea, Dem. People's Rep.",,,,,,,71.481,,,
2015,Kyrgyz Republic,1.75886441,1121.082835,2350024278,72.45655758,4.336878115,,70.65121951,6.166168087,17.13122863,3.4272875
2015,Lao PDR,5.656565664,2134.713062,4885880000,,5.53855992,,66.546,,7.489414791,2.348496006
2015,Lesotho,2.348069814,1146.064688,1012114657,,6.184519147,,51.038,12.24003108,8.751503436,10.20245278
2015,Liberia,-2.520465745,710.3840166,618531000,,19.75276888,,62.269,,7.32388519,1.049618321
2015,Madagascar,0.3908643271,467.2355537,3214678775,,8.61530173,,65.539,3.011980522,2.897276485,6.503730365
2015,Malawi,0.002104469507,380.5969877,,39.54223713,8.855925673,,61.953,4.91879171,4.514939411,20.53465854
2015,Mali,3.09991301,751.4728866,3150871338,,7.388938214,,57.509,6.773480836,2.10163835,2.883509375
2015,Mauritania,2.370760983,1524.071753,2085732182,,5.204353415,,63.936,,8.135857773,-4.793908578
2015,"Micronesia, Fed. Sts.",3.236354581,2906.617012,85658000,29.94314479,0.03219213495,,67.315,6.058385118,,-5.250358783
2015,Mongolia,0.3884633854,3918.587015,5363184215,,9.789107021,,69.111,4.108488245,0.8027473442,1.733009104
2015,Morocco,3.1031114,3222.054178,35210614176,,2.443517618,,75.726,0.2266309024,3.21498327,2.129048244
2015,Mozambique,3.740422053,589.85905,4957269488,,12.98765582,,57.206,,24.25152905,7.585855542
2015,Myanmar,6.180640124,1144.474341,13852127380,,6.481487634,,65.81,6.07030602,6.77346403,6.28737733
2015,Nepal,3.556335384,901.7496077,2488355029,,1.063146872,,69.515,3.648394395,0.2130295791,4.409045433
2015,Nicaragua,3.437775048,2049.851666,5113366206,,1.826249403,,73.649,2.378548606,7.580326424,7.587359254
2015,Niger,0.4183283655,484.2386326,1319536711,,9.804303593,,60.631,,5.466652319,2.267482379
2015,Nigeria,-0.02928230546,2687.480056,51923946713,,5.064158511,,53.112,,0.6294470344,2.863665122
2015,Pakistan,2.566467104,1356.667831,28690885215,,1.246643048,,66.577,,0.6183559727,4.110248659
2015,Papua New Guinea,4.461465034,2679.346579,,29.87537774,11.66608378,,63.466,3.171713344,0.9837723788,-1.231118417
2015,Philippines,4.681878505,3001.043182,83378041349,,0.7695480738,,70.644,2.476262917,1.84017849,-0.7196827897
2015,Rwanda,6.123834354,751.0773926,1130492668,,5.753198872,,67.45,11.29108558,1.898148511,0.486519455
2015,Samoa,3.577076528,4073.729164,223684831.5,,0.4025556403,,72.73,,3.408256055,4.244524539
2015,Sao Tome and Principe,1.977318631,1584.775657,,,3.412883358,,69.377,,8.834880294,5.006138669
2015,Senegal,3.421501485,1219.249415,4030818402,,3.491946114,,66.747,6.903460668,2.301949354,1.06978462
2015,Sierra Leone,-22.3120965,588.2288628,816852288.8,,10.57136024,,52.941,,5.98370116,18.86476336
2015,Solomon Islands,-1.283749071,2167.119928,524972519.5,6.741989297,16.67728424,,72.173,10.79166684,2.465280133,3.559290371
2015,Somalia,0.6620188545,293.4551719,1037964070,,,,55.92,,7.483586362,8.607155242
2015,South Sudan,-12.13179836,1119.651437,4397355863,,11.1791739,,56.855,,0.001250229129,17.68933214
2015,Sri Lanka,4.046239566,3843.780672,16937418652,77.65039412,0.1233907726,,76.316,2.859763042,0.8432025258,0.6490422846
2015,Sudan,1.536015539,2019.498879,4191964641,,3.46480381,,64.429,,2.681373006,8.541125
2015,Syrian Arab Republic,,,,,,,69.908,,,
2015,Tajikistan,3.477382997,978.4049812,,,2.326215851,,70.137,,5.48890562,6.88571276
2015,Tanzania,3.027500479,871.9982814,8104067362,,5.336143654,,63.111,0.4141805429,3.178702889,7.591364023
2015,Timor-Leste,1.020861218,1332.791772,48508500,,81.94996236,,68.459,20.33983927,2.696638783,7.048483335
2015,Togo,3.069176647,570.9099672,1498688203,,12.72800872,,59.927,11.23540635,6.167622343,3.479625824
2015,Tunisia,0.1093513665,3861.6924,17302355220,,2.403928254,,75.922,,2.247955745,3.521539112
2015,Uganda,1.572254863,843.6295453,4170603010,,10.84130909,,61.373,3.70311916,2.287427053,5.187859863
2015,Ukraine,-9.443804593,2828.885069,47880172307,70.25883762,2.689199011,,71.1895122,0.1357978501,-0.4053565976,38.88163909
2015,Uzbekistan,5.589790004,2615.025134,12548905306,,7.572963995,,70.928,2.059575697,1.272122464,10.42054403
2015,Vanuatu,-2.308669357,2695.666186,336446180,,0.7845490656,,69.869,1.336992355,4.244423917,5.858486741
2015,Vietnam,5.570525948,2085.101349,173490415458,,4.206112896,,75.11,,6.106361156,-0.1907881321
2015,West Bank and Gaza,1.372585088,3272.154324,2244300000,,0,,73.442,0.2553051901,0.7510358039,-3.707013017
2015,"Yemen, Rep.",-29.82714464,1601.830063,,,2.105148678,,66.085,,-0.03638772788,46.47625123
2015,Zambia,-0.1879500125,1338.290927,7892388634,49.40732682,11.16358183,,61.737,3.090411766,7.44741669,6.659292114
2015,Zimbabwe,0.1005754806,1445.069702,3824969000,,4.561980836,,59.534,,1.999687364,0.6078139191